"ffc76792-00f5-4b81-8509-f23901a1cb5c","Ebay","listingStatus"
"3795fa1f-b488-4a67-9788-b8847cfe2728","Amazon","ownerEmailAddress"
"19a3f765-1ea2-487e-8f13-5321b388268a","Ebay","listingStatus"
"e645eb05-9c93-4993-add7-b973ba1046f6","Amazon","listingPrice"
"28a8e2c8-974f-40c8-a052-e71ffba2f25e","Ebay","listingPrice"
"92bec734-2578-4ad6-a104-809e05c929f0","Ebay","listingStatus"
"040c6081-2dec-4bf3-8b14-2a89bc1436b4","Ebay","ownerEmailAddress"
"839b685a-4daf-402f-a146-dcdabc86fb9e","Ebay","listingStatus"
"69986b82-a5b5-48ac-bd35-5b00a3380b58","Amazon","uploadTime"
"4fb98128-8b56-4281-b0f0-e974fcd79e76","Amazon","ownerEmailAddress"
"912e7982-9109-4a36-bd22-4713d82017d7","Amazon","listingStatus"
"06b6542f-ddca-454b-823a-509ac4abae9d","Amazon","listingStatus"
"015f5c77-ae39-422c-88e3-aacdb450afc3","Amazon","ownerEmailAddress"
"13de1019-555a-4729-a455-7328f4256097","Ebay","uploadTime"
"bfeabc33-b873-4b46-a5ee-e136ebce38f0","Ebay","listingStatus"
"195da4c1-e992-46e0-a74c-304b1abc81b6","Ebay","listingStatus"
"95c67745-406a-4cac-8b5d-62fbee4da817","Amazon","uploadTime"
"95c67745-406a-4cac-8b5d-62fbee4da817","Amazon","listingStatus"
"d6bf4b12-d7eb-4a16-a3e4-5c57d355ae85","Amazon","ownerEmailAddress"
"1aa2cefd-0be8-4688-852b-88f4fdf603dc","Amazon","ownerEmailAddress"
"0f48ca48-5d05-4968-ae58-b5ba0f2c7379","Amazon","listingStatus"
"07050896-d806-4a5d-b632-7aecb1a37a01","Ebay","uploadTime"
"07050896-d806-4a5d-b632-7aecb1a37a01","Ebay","listingStatus"
"07050896-d806-4a5d-b632-7aecb1a37a01","Ebay","ownerEmailAddress"
"5f2f2e1d-0c92-4461-9627-58c24df91b8e","Amazon","listingStatus"
"36c716e4-2a6e-4e90-b81c-0865a1ca45d1","Ebay","uploadTime"
"f4817675-2588-4868-b462-9496144859aa","Ebay","listingPrice"
"e44e715f-7b06-4e4a-9e48-3585c46915cc","Ebay","ownerEmailAddress"
"e26c2895-2949-4bd7-aded-4d9495edc31d","Ebay","listingStatus"
"0d30356e-6c49-4dbc-815c-53465a013023","Amazon","listingStatus"
"8a3357f2-4f57-4013-9bf5-69edfbc671fa","Amazon","listingStatus"
"a160d7b8-bddd-4afa-bfb6-16f6f971063a","Amazon","uploadTime"
"a160d7b8-bddd-4afa-bfb6-16f6f971063a","Amazon","listingStatus"
"308d02ef-fef9-4e2f-b0a6-9a0ad4f84eee","Amazon","listingStatus"
"904ac8d2-2555-4473-92d5-4156319dbe57","Ebay","listingStatus"
"89e4aea8-3221-4092-9034-7de619dd2ec9","Amazon","listingStatus"
"89e4aea8-3221-4092-9034-7de619dd2ec9","Amazon","uploadTime"
"79d632b8-f8d3-4216-8899-b0e7483f6cc4","Ebay","uploadTime"
"8e4f7f5c-1470-4f9d-88e8-2ec4044382ab","Ebay","uploadTime"
"deba881b-d135-4f50-b03b-b95268b79d12","Amazon","listingStatus"
"22cc6618-df8e-4112-85d7-e6e560a8eea1","Ebay","ownerEmailAddress"
"37ff9cda-666e-4d38-ad9c-840082494514","Amazon","listingPrice"
"37ff9cda-666e-4d38-ad9c-840082494514","Amazon","ownerEmailAddress"
"37ff9cda-666e-4d38-ad9c-840082494514","Amazon","listingStatus"
"f0c08fd3-f652-48a6-9e88-9be9d4ac9ce3","Ebay","listingStatus"
"36c7526a-48a5-4511-8bf0-5d6ba3ec4542","Amazon","listingStatus"
"1f3d4622-ee0c-4768-883c-0d646b29741c","Ebay","listingStatus"
"eaf17145-02a2-48c6-a395-485b4401ab28","Ebay","listingStatus"
"387e1c3b-621e-43d7-b019-2b4c8f310904","Ebay","uploadTime"
"edb47684-4fe4-4491-963c-20623dbc340c","Amazon","ownerEmailAddress"
"51d22233-00e3-48a3-aa33-b735f0ea60c0","Amazon","uploadTime"
"eaa03bcf-b02f-4fe6-8649-89c12b1d5d87","Amazon","listingStatus"
"1fab3ca2-6f4a-4a7a-9dc4-b12242f95db3","Ebay","listingStatus"
"1fab3ca2-6f4a-4a7a-9dc4-b12242f95db3","Ebay","listingPrice"
"27550308-8d55-4569-9dcc-2e15b8d7fa05","Ebay","ownerEmailAddress"
"27550308-8d55-4569-9dcc-2e15b8d7fa05","Ebay","listingStatus"
"34d8ee41-12e9-40a4-96c9-b2cae5975508","Ebay","uploadTime"
"75a1acdb-c81f-4c8c-9f4c-389e2d933525","Amazon","uploadTime"
"dabd744e-0042-495d-8346-fd28111f2bb5","Amazon","ownerEmailAddress"
"dabd744e-0042-495d-8346-fd28111f2bb5","Amazon","listingStatus"
"77bc0381-0cdd-4def-bdb7-e6f99f9e3fad","Amazon","ownerEmailAddress"
"77bc0381-0cdd-4def-bdb7-e6f99f9e3fad","Amazon","listingStatus"
"77bc0381-0cdd-4def-bdb7-e6f99f9e3fad","Amazon","uploadTime"
"5069fc0c-f9d8-453a-9097-122352399158","Ebay","listingStatus"
"171685de-afda-4cc4-af21-f263724b0b82","Ebay","listingStatus"
"bac80c30-9000-487b-95c9-c0731f732da9","Amazon","listingPrice"
"5dbc93e9-bdbd-4270-87ac-f64a7bd78571","Amazon","listingStatus"
"319a8f87-8541-408e-868c-ba9e534f23ac","Amazon","uploadTime"
"65628d6a-4120-4e21-a066-2524a6c9851d","Ebay","listingPrice"
"ac78d3db-514a-481c-948d-dd562dd075e7","Amazon","uploadTime"
"dec05351-d257-4111-9c6c-9c8788eb3bc5","Amazon","uploadTime"
"171cce7e-f6c3-46d0-a206-4f1b1302a993","Amazon","ownerEmailAddress"
"474247e0-d775-4e90-ae66-797704824df5","Ebay","listingStatus"
"474247e0-d775-4e90-ae66-797704824df5","Ebay","listingPrice"
"9b34cb2e-29f6-47f8-9294-1add7804136a","Ebay","uploadTime"
"bcc8d17c-1fe3-4fc8-b9af-25a76146d95e","Amazon","listingStatus"
"579c89bf-52c1-40ee-8e44-011f387c33f7","Amazon","ownerEmailAddress"
"bb7663b4-d3b2-4a77-a780-a860d593e86b","Ebay","listingStatus"
"e2c71d5e-e748-4d2d-b519-8d6fb8293c6b","Amazon","listingStatus"
"4968565e-6494-4e1b-b19f-55f4d4947d3a","Ebay","uploadTime"
"863ae45e-26cf-4baa-b558-0b71af2b2db2","Ebay","ownerEmailAddress"
"2c157e7c-d175-49dc-8a1b-4f869023f9e6","Ebay","listingStatus"
"53838303-98af-497a-b226-34f3d4916287","Amazon","uploadTime"
"474cbda0-a791-4d14-8da1-4a4eb566bc08","Amazon","listingPrice"
"844aca30-e583-4fc8-b4a9-16ca61db34e8","Ebay","listingStatus"
"844aca30-e583-4fc8-b4a9-16ca61db34e8","Ebay","ownerEmailAddress"
"875cf620-ae87-43d6-9ad8-14a3288213c3","Amazon","ownerEmailAddress"
"c1b2d14f-336a-4734-848e-b43df730523e","Amazon","listingStatus"
"821ee1c5-c82b-4174-a187-35999327d6b5","Ebay","listingPrice"
"5dab6895-1019-4e19-9802-d1c915273830","Ebay","ownerEmailAddress"
"57fc9b7c-cc03-4266-8e1c-7ef3e1722b7d","Amazon","listingStatus"
"8abb48d6-6daa-47f6-b83e-ae14e79c34fe","Ebay","listingStatus"
"6cddf97a-e463-451e-b892-4d9df700ad15","Ebay","listingPrice"
"6cddf97a-e463-451e-b892-4d9df700ad15","Ebay","listingStatus"
"25c4ae19-2e4f-4aa7-8b4b-571832907967","Ebay","listingStatus"
"25c4ae19-2e4f-4aa7-8b4b-571832907967","Ebay","uploadTime"
"bb880730-8d38-4e39-97e9-2a03817840fd","Amazon","listingStatus"
"bb880730-8d38-4e39-97e9-2a03817840fd","Amazon","uploadTime"
"bb880730-8d38-4e39-97e9-2a03817840fd","Amazon","listingPrice"
"d0a47a52-da71-4864-9516-d33fa2a1d530","Amazon","ownerEmailAddress"
"0b078e79-4f91-4b13-85f3-8a62e54ad81a","Amazon","listingStatus"
"8db545b5-76f0-4657-853c-048cb3e4fae3","Amazon","listingPrice"
"4ba33215-f6ec-4ff2-8f44-2625f5ef1ceb","Amazon","uploadTime"
"f3100dd4-62dc-40ac-a0f7-3d1e5da50f6b","Amazon","listingStatus"
"24333551-2e07-4d7e-bc1c-48e238fdc6a1","Amazon","uploadTime"
"c096d477-5029-49b5-a650-d4bfda893289","Amazon","listingStatus"
"62a5f7a4-3154-486d-98ce-2f897d87081d","Amazon","listingStatus"
"bdc74483-65b2-46ca-8978-9533ee6dfd49","Amazon","listingStatus"
"cd9e20bf-f6e6-40f0-af25-f985a8b24a42","Ebay","ownerEmailAddress"
"ea638987-c0f4-498b-b295-acc35aed225f","Ebay","uploadTime"
"e40cb804-ecd7-4f5c-8c17-15a9d3fad075","Ebay","listingStatus"
"f27fd92d-69f5-4179-a4a5-9cf5d74e7d2c","Ebay","ownerEmailAddress"
"b0ecf991-8865-4096-8945-63e3715fa922","Ebay","listingStatus"
"5ccafa73-5991-4689-8915-6c2e21f34c2c","Amazon","listingPrice"
"5ccafa73-5991-4689-8915-6c2e21f34c2c","Amazon","uploadTime"
"6c522cb6-0f46-4b68-84b7-7a8fa5d3cb18","Ebay","ownerEmailAddress"
"209c5816-25f2-4771-a1a6-d3224ca114f6","Amazon","ownerEmailAddress"
"1379c817-935d-46bb-8830-f1797d4a87f2","Amazon","listingStatus"
"08a3e356-6916-46cb-820c-e2711febcc7c","Amazon","listingStatus"
"85b5c32c-88d4-483b-a657-7842e6769d72","Ebay","listingStatus"
"85b5c32c-88d4-483b-a657-7842e6769d72","Ebay","ownerEmailAddress"
"92b5a735-54ee-4a10-aef8-0ee4964c24f6","Amazon","listingStatus"
"1ee36179-d4b6-432e-9c55-cd6a9ccca6ba","Amazon","ownerEmailAddress"
"ab268326-2d51-47c1-84e7-648201b2f608","Amazon","listingPrice"
"b0a9153d-7bab-4f42-aa3c-587233bf1d72","Ebay","ownerEmailAddress"
"b0a9153d-7bab-4f42-aa3c-587233bf1d72","Ebay","uploadTime"
"c2c6f4c2-d683-4ac9-a1e1-f3cc7accc97e","Amazon","listingStatus"
"7f528001-d74e-4b33-92b8-f25b3ee16f45","Ebay","ownerEmailAddress"
"7f528001-d74e-4b33-92b8-f25b3ee16f45","Ebay","uploadTime"
"a68e1f19-1525-4141-a299-a0eaaa0387d6","Amazon","listingPrice"
"11071e97-4a38-4d5c-9daa-4fad1fcbee9b","Ebay","uploadTime"
"d5ea3535-7a93-4827-b1fc-b3d66205c544","Amazon","ownerEmailAddress"
"31f3e03b-d328-42b4-9986-62362cef9f51","Amazon","listingPrice"
"31f3e03b-d328-42b4-9986-62362cef9f51","Amazon","ownerEmailAddress"
"31f3e03b-d328-42b4-9986-62362cef9f51","Amazon","listingStatus"
"6b90eb54-5efe-4ca2-92e3-e17f404d6ee8","Ebay","listingStatus"
"cacf203d-aa2a-4331-a9fe-0fa6b5b35d63","Ebay","uploadTime"
"ac93c888-9653-4a86-ab23-6a421672826d","Ebay","listingPrice"
"81c67c9e-ceab-48dc-b4c0-966c6d3fbe10","Amazon","listingStatus"
"8d5faa08-6687-4d29-bd8f-a9b7fb63e0bd","Ebay","listingStatus"
"e585522e-74f2-44ea-beff-662a5ffe4a96","Ebay","listingStatus"
"937043a0-f656-4b90-80a9-24ab9c57fee5","Ebay","ownerEmailAddress"
"24670461-a5ea-48fd-9e43-7f2e3f033823","Amazon","uploadTime"
"d6812f22-aa82-4736-b877-cbc81ecee90d","Amazon","uploadTime"
"a94f36d3-3b88-454e-a92a-0866e08af13f","Ebay","ownerEmailAddress"
"5e869be4-ac94-4094-986c-c3fa5ca69029","Amazon","listingPrice"
"57e22676-93a6-4cc6-a14d-460252df542b","Ebay","ownerEmailAddress"
"bcd28f95-62a6-4eac-9ebe-ddaab2ab3f28","Amazon","ownerEmailAddress"
"01ea5bdc-ac7c-4cea-8bd6-7bcd17574d43","Ebay","listingPrice"
"01ea5bdc-ac7c-4cea-8bd6-7bcd17574d43","Ebay","listingStatus"
"295690ae-7229-4f5f-9b24-651d3be4a283","Ebay","listingPrice"
"7f76c291-5f33-4199-85a5-d11ed17383ff","Ebay","uploadTime"
"715870b0-8026-4884-b831-ab5cb562bec8","Ebay","ownerEmailAddress"
"469999d3-a742-4b87-83fa-9931681a7c0f","Amazon","listingPrice"
"469999d3-a742-4b87-83fa-9931681a7c0f","Amazon","listingStatus"
"469999d3-a742-4b87-83fa-9931681a7c0f","Amazon","uploadTime"
"6664fa62-ae70-4b09-85ec-560cbda920b4","Ebay","listingPrice"
"6664fa62-ae70-4b09-85ec-560cbda920b4","Ebay","uploadTime"
"0afa02d3-6018-4ea5-a706-eeae601cbd7a","Amazon","listingStatus"
"62028376-86cb-4820-9ffa-1191339b284b","Amazon","ownerEmailAddress"
"62028376-86cb-4820-9ffa-1191339b284b","Amazon","listingStatus"
"859f4864-8d03-4f9a-951a-15252c776038","Ebay","ownerEmailAddress"
"8acb7614-c064-43b6-9ad4-e03601e323be","Amazon","listingStatus"
"dfa40b6a-e870-45a0-8494-e1cd4a05de79","Amazon","ownerEmailAddress"
"b2d8e70b-085f-4820-aba9-76ea046c1036","Ebay","listingStatus"
"3510cd3e-2160-437c-91bd-3d75dac6e3ad","Ebay","uploadTime"
"f2b09fe5-c0b6-4fae-bbc4-c644fbfdc287","Amazon","ownerEmailAddress"
"1e03fd44-e17c-41b3-8122-1a8fe1d223ba","Amazon","listingPrice"
"8ab4dd79-d3af-4e7e-89ca-2db7887084e9","Ebay","listingStatus"
"0595d1da-d2a5-4589-ae63-2ed12bba46d9","Amazon","listingStatus"
"85c8cfaa-f26b-47ae-86d0-89365a50991c","Ebay","ownerEmailAddress"
"6473c8cb-02b5-43f0-81a1-40fea7b9b311","Amazon","uploadTime"
"65afa555-2384-4fe5-81bd-4dd6dfc80db0","Ebay","listingStatus"
"f3bc2ab6-071a-484d-a7d8-4ab3fabe7ef6","Amazon","listingStatus"
"079b5253-df08-4075-a57a-3bd280cf5773","Amazon","listingStatus"
"c65ebfcf-31c3-4432-8c54-bdc01b99ed93","Amazon","uploadTime"
"c65ebfcf-31c3-4432-8c54-bdc01b99ed93","Amazon","listingStatus"
"f717648f-c449-40f3-a238-39cc90fac8ff","Amazon","uploadTime"
"c87dab56-7158-4b36-88c4-3f636c118ea7","Amazon","listingStatus"
"11d99703-e112-4699-b2ef-d5ab86e9a2c2","Ebay","ownerEmailAddress"
"c73c6e82-8703-4a59-9968-4a20497c5b01","Ebay","uploadTime"
"c73c6e82-8703-4a59-9968-4a20497c5b01","Ebay","listingStatus"
"0cbd2922-1a00-47ee-8c84-08d554e8f254","Ebay","listingStatus"
"c5887a71-71a8-4ddc-a03b-39babff5740b","Amazon","uploadTime"
"b81428b5-d156-49ff-bac9-8b950c949ab5","Ebay","uploadTime"
"e9ddf4d2-c15c-4053-888b-ad734d9b5e15","Amazon","listingStatus"
"734f6204-2dfa-4dce-bffe-aecfa224f5ca","Amazon","listingStatus"
"6c93989b-7c30-4033-aae4-0baee2bddc15","Amazon","ownerEmailAddress"
"6c93989b-7c30-4033-aae4-0baee2bddc15","Amazon","uploadTime"
"cf68203c-c22c-4269-be39-e4b7d031e6b7","Ebay","uploadTime"
"5af5c180-2b2b-454e-be45-b0f166212f91","Ebay","listingStatus"
"550cef9b-be0e-47c4-aead-10670ca8daf9","Amazon","ownerEmailAddress"
"52c03705-b01a-41a2-adba-eb3440381c1c","Ebay","ownerEmailAddress"
"52c03705-b01a-41a2-adba-eb3440381c1c","Ebay","listingStatus"
"0714082a-65d4-421c-88b0-814c88daeb0c","Ebay","listingStatus"
"0714082a-65d4-421c-88b0-814c88daeb0c","Ebay","listingPrice"
"7fc025e4-9944-4536-bddc-d98f2f1bfa65","Ebay","listingStatus"
"963dc9af-829b-488a-9c70-0ea026641d23","Amazon","uploadTime"
"51610ea7-51f4-4ce3-b04b-b600cd6d1842","Ebay","ownerEmailAddress"
"f98e6809-f531-4dc0-ab39-f0b774fe5d9f","Amazon","ownerEmailAddress"
"fc3ee675-572a-4c0f-89d9-353eaea99772","Amazon","listingStatus"
"de961ac8-e7a3-43cf-bcbc-0bf18cc73215","Amazon","listingStatus"
"da7b1f9e-f7a0-4098-9d97-63cb0748d86d","Ebay","listingPrice"
"3ff9a88d-2457-4b4a-8cde-dd90f99b0fa6","Amazon","listingStatus"
"1ed85820-409e-42ff-a740-37695dc01c3b","Amazon","listingStatus"
"58786bea-b126-426c-b8d1-a64415f105d8","Ebay","listingStatus"
"4332de32-ef4b-4b37-9e7f-70bbcddb5dab","Amazon","listingPrice"
"c452393d-4adc-4471-b7f9-fe48191f69c1","Amazon","listingPrice"
"c452393d-4adc-4471-b7f9-fe48191f69c1","Amazon","uploadTime"
"c0324f6f-bbfa-460b-b20f-06a51b4cf3da","Amazon","listingStatus"
"c0324f6f-bbfa-460b-b20f-06a51b4cf3da","Amazon","ownerEmailAddress"
"eec25522-ffd6-4064-9d44-53bcef04b34e","Ebay","listingStatus"
"587fdc2b-8718-471e-979b-24fa558f7b0f","Amazon","listingPrice"
"8e4d8e1b-29a3-44f2-9c15-7705a450042a","Ebay","uploadTime"
"252164e8-558a-4d83-830c-9878e5a6fc17","Amazon","listingStatus"
"23afcc2b-7f1b-4892-83cd-8c4ee61c1135","Ebay","listingPrice"
"be39f9bd-56a4-4e75-a255-31f577f09ca6","Amazon","listingStatus"
"8fa2bc1f-e45c-4963-a354-d07a0f5303bf","Amazon","listingStatus"
"55f12074-c3f6-457c-9ba2-b4b9a1bea7cb","Amazon","listingStatus"
"a3c0f52f-bc64-4a17-ad06-5378d39608a1","Amazon","uploadTime"
"8e1c95e6-5e87-433c-8122-a3386dc299f6","Ebay","listingPrice"
"db03efa6-9e86-4264-bf28-d1cdd21716e0","Amazon","listingStatus"
"ba1af3ff-13d0-47fb-a495-7d1abb7faf1c","Ebay","listingStatus"
"ba1af3ff-13d0-47fb-a495-7d1abb7faf1c","Ebay","uploadTime"
"b7f9e910-fb54-424c-aaa1-21a6c44239be","Ebay","listingStatus"
"46ff482b-8021-4972-b2b0-e3430d9eddb5","Ebay","listingStatus"
"6b35893c-3169-4098-8e0b-31b1e8b347b9","Ebay","listingStatus"
"3b09f983-72ec-4834-b830-135889d309fa","Amazon","listingStatus"
"9873f323-d754-45de-865b-cfd98b8dddc2","Ebay","listingStatus"
"7510558c-ba38-45e5-b1f4-1fa5c1099e88","Ebay","ownerEmailAddress"
"7510558c-ba38-45e5-b1f4-1fa5c1099e88","Ebay","listingPrice"
"7510558c-ba38-45e5-b1f4-1fa5c1099e88","Ebay","listingStatus"
"0bec9e40-ad53-452a-ad1e-c5988824ae87","Amazon","uploadTime"
"de429dc1-42d7-4a94-bbd4-daef576c6ccf","Amazon","listingStatus"
"de429dc1-42d7-4a94-bbd4-daef576c6ccf","Amazon","uploadTime"
"8a7aaf71-a566-4597-ba4b-5d0d07681735","Ebay","ownerEmailAddress"
"49d002b8-b7ea-490f-bf39-f1ec1afd640d","Amazon","ownerEmailAddress"
"37ecab40-7bfe-4f04-aa6d-7c96eb2e7ba2","Ebay","ownerEmailAddress"
"35e01491-7bfc-46cf-bfaf-99632d37fc27","Ebay","listingPrice"
"6d555fca-03e8-44c2-97ad-a5114029b52e","Ebay","ownerEmailAddress"
"ac2f45a5-6cd1-4a8d-9c31-9dc8411787af","Amazon","listingStatus"
"06b71a00-f4fc-49cc-bd5b-fc089490abf9","Amazon","listingStatus"
"06b71a00-f4fc-49cc-bd5b-fc089490abf9","Amazon","ownerEmailAddress"
"ba60146b-3192-4035-bf24-1ec3c4568b4e","Ebay","listingStatus"
"ee67e88a-3ba9-473c-bbd8-85ab43fcf556","Ebay","ownerEmailAddress"
"156b7fe1-9553-4d50-a6ec-d35e474bcf8b","Amazon","listingPrice"
"156b7fe1-9553-4d50-a6ec-d35e474bcf8b","Amazon","uploadTime"
"9f27ac63-3f08-4ae5-801f-0659f55f92c8","Ebay","ownerEmailAddress"
"74adb8eb-adfb-4d83-9360-24c06a681f23","Amazon","listingStatus"
"1a399f29-0208-4aca-9a4e-153bf4cea28d","Amazon","listingStatus"
"7b9da815-7f32-43cb-8eb0-5571f280fe31","Ebay","listingStatus"
"e374f6db-28f6-4dae-be4e-34fb34f1b1c1","Ebay","listingPrice"
"2c973497-cdf7-4ff4-8950-639c676d6036","Ebay","ownerEmailAddress"
"be47dcd8-e8e0-49a5-8b13-957772e1d32b","Amazon","listingStatus"
"29f19f61-653a-42b1-bdc8-3dfa3982055d","Amazon","listingStatus"
"eb3ee09f-5ee0-42ab-b622-28214f5f5503","Ebay","listingStatus"
"7f77a7c4-5928-4e15-bc90-80681e1d4f10","Amazon","ownerEmailAddress"
"752fb9bd-4cb3-4c7d-8b44-aeca585252c7","Ebay","uploadTime"
"0a340733-07c3-49b8-a59b-c6ff36c98118","Amazon","ownerEmailAddress"
"0a340733-07c3-49b8-a59b-c6ff36c98118","Amazon","listingPrice"
"c82d34cf-b1e4-4375-9475-5ddc2ad976d8","Ebay","listingStatus"
"8900d8ad-6ee6-4c89-bd27-5872fd199045","Ebay","uploadTime"
"09965170-1c93-489d-bfc0-da9a9e96337a","Ebay","ownerEmailAddress"
"46d227b9-ac7f-44ad-9912-660f824af144","Amazon","uploadTime"
"46d227b9-ac7f-44ad-9912-660f824af144","Amazon","listingStatus"
"26db90e8-c95a-4a26-8c64-4bbd93f6090c","Ebay","listingStatus"
"a9c588b9-6ced-4516-8616-add0fba30ce2","Amazon","uploadTime"
"7d9a09a7-6d61-4c53-872d-f15575d96d4d","Ebay","uploadTime"
"36bc7918-4e80-424e-9415-8d5cf301379a","Ebay","listingStatus"
"88bfe9c2-fdab-47cb-a558-e8f6ce8b82c9","Ebay","uploadTime"
"351354a4-fe22-414a-b97c-57d1398a4b49","Amazon","listingStatus"
"80548f5b-576d-4ffe-beb0-e708c8321f6d","Ebay","listingStatus"
"b301c522-6d99-49c5-b47a-08add07f85b1","Ebay","ownerEmailAddress"
"2ba7760d-967d-4f9c-9679-cc4261f470cb","Amazon","ownerEmailAddress"
"e24871b0-ce7e-4773-8578-d717a9e23abe","Ebay","ownerEmailAddress"
"38b3637a-344a-4265-9635-37090a2792be","Ebay","uploadTime"
"99f07548-725a-4cdc-bdc1-78098471deec","Amazon","listingStatus"
"75f184cb-76e8-42bc-b74f-ffdebe047d93","Ebay","listingStatus"
"6dd953a0-2f8a-4fbd-bae4-eb9badadc8de","Amazon","listingStatus"
"801c3895-615c-4ac1-812d-091d76e76435","Ebay","listingPrice"
"d817d4de-41ea-4fb6-b226-698e69dde21b","Amazon","ownerEmailAddress"
"d817d4de-41ea-4fb6-b226-698e69dde21b","Amazon","listingPrice"
"fd302d26-9a83-4c68-aa9f-1cdb75b4fb64","Amazon","uploadTime"
"88d123c6-7245-486f-8f23-8e7907c5c050","Amazon","ownerEmailAddress"
"5af54ae5-21df-4057-822c-3f6802524c7a","Ebay","listingStatus"
"5af54ae5-21df-4057-822c-3f6802524c7a","Ebay","uploadTime"
"63403936-3d71-4521-9322-c2d60c0507e9","Amazon","ownerEmailAddress"
"634a8cba-3755-4ea8-ba0a-df4b7153ebf5","Ebay","listingStatus"
"da94733d-b59b-45b0-978b-2a3634da8019","Ebay","uploadTime"
"486db377-e741-4f26-b74f-6c0a37251de1","Amazon","listingStatus"
"9f4b2960-0743-4e55-b8c4-cf56813702a4","Ebay","ownerEmailAddress"
"a7fafc94-1c96-4fc3-a2cc-a0b78f998f64","Ebay","listingStatus"
"2f3e727c-9ca0-4d97-b76f-95c121408dd2","Ebay","listingStatus"
"9ccbedf9-b7ea-4120-81db-7c23bc10aa86","Ebay","listingStatus"
"88c7d5f7-43a8-4daa-83f8-d9e7d7c2a8a2","Ebay","ownerEmailAddress"
"88c7d5f7-43a8-4daa-83f8-d9e7d7c2a8a2","Ebay","listingStatus"
"6707fdec-1d8a-427e-a4b0-ab09c17b11d7","Amazon","ownerEmailAddress"
"6707fdec-1d8a-427e-a4b0-ab09c17b11d7","Amazon","uploadTime"
"6707fdec-1d8a-427e-a4b0-ab09c17b11d7","Amazon","listingStatus"
"a34504a4-5977-442c-a71b-f87f9d3bf7f7","Ebay","ownerEmailAddress"
"b82b5eb7-56c7-4b84-95f9-1b58b405dc0c","Amazon","listingStatus"
"1b83caf3-f608-47a7-8662-2229fb2c767d","Ebay","listingPrice"
"1b83caf3-f608-47a7-8662-2229fb2c767d","Ebay","ownerEmailAddress"
"43635c1d-706d-42b8-bc14-cf673d66634e","Ebay","uploadTime"
"6c3fa069-434c-40b4-8156-6049c58b7e90","Amazon","listingStatus"
"c436371d-08e2-4a00-bae5-df0a165d5a7a","Amazon","listingStatus"
"6a00eeb2-f7b8-48d1-b986-71c1da869cbe","Ebay","listingStatus"
"6a00eeb2-f7b8-48d1-b986-71c1da869cbe","Ebay","uploadTime"
"32d35417-6753-4441-9c19-ef127a8beaf6","Ebay","ownerEmailAddress"
"9bad1309-4778-42cf-97a5-d309052e8dac","Ebay","listingPrice"
"9bad1309-4778-42cf-97a5-d309052e8dac","Ebay","ownerEmailAddress"
"ffc93e3b-832a-4055-9e29-02db9ea5be56","Ebay","listingStatus"
"340db638-695f-4b9e-a965-c753acb6be3d","Amazon","listingStatus"
"2efe7989-3aee-4424-967b-147e698ed4e3","Ebay","listingStatus"
"7684dd35-4c58-46d2-88ae-840f8edb7d52","Amazon","ownerEmailAddress"
"7684dd35-4c58-46d2-88ae-840f8edb7d52","Amazon","listingStatus"
"77628ae6-3d6a-4f85-ab1d-b1d817ef3052","Amazon","listingPrice"
"34f638c5-3166-4e95-8e96-1e0ba22e3465","Amazon","listingStatus"
"34f638c5-3166-4e95-8e96-1e0ba22e3465","Amazon","listingPrice"
"38269178-4e98-433c-98f0-374cb4e3302e","Ebay","listingPrice"
"02c7de57-adf6-4843-9ebe-72cd0689fd93","Ebay","listingStatus"
"acf5feea-72b3-430a-82f6-57de2566f559","Ebay","listingStatus"
"947f59a5-0856-4f6f-99ff-f8652c097bf2","Ebay","listingStatus"
"1ae56077-fcb6-410c-9835-9e2d224851af","Amazon","listingStatus"
"1ae56077-fcb6-410c-9835-9e2d224851af","Amazon","ownerEmailAddress"
"6e75d0c0-4ff0-4454-8823-a978198a12ad","Amazon","listingPrice"
"27459187-7256-4b61-827c-b710172c1877","Ebay","ownerEmailAddress"
"27459187-7256-4b61-827c-b710172c1877","Ebay","listingStatus"
"db1b5ec9-1226-4e41-b2b2-195bf5c6f5b1","Ebay","ownerEmailAddress"
"db1b5ec9-1226-4e41-b2b2-195bf5c6f5b1","Ebay","listingStatus"
"f2e34eee-beb8-4950-8153-b059e1a348c8","Ebay","listingPrice"
"ba9506c1-f024-437f-89c9-ea6b08c57c72","Ebay","listingStatus"
"e42e59f7-9d99-4e05-9922-43713ba948c6","Ebay","listingPrice"
"c76640e8-452f-44a2-ac77-fcaa9edc1f18","Amazon","ownerEmailAddress"
"b66db703-e062-4f40-a546-c3879aec14b7","Amazon","listingPrice"
"ca5ccd0c-e0bc-4327-9b20-a35296320c7f","Amazon","listingStatus"
"ca5ccd0c-e0bc-4327-9b20-a35296320c7f","Amazon","listingPrice"
"33fdf22c-efc0-4d2b-9717-93b7541d3763","Amazon","uploadTime"
"1eced9da-8da3-4958-ba6f-0d2d15b0c1d3","Amazon","ownerEmailAddress"
"b361a176-c1c9-4954-98f3-c3ea91e331e5","Ebay","uploadTime"
"3488ee92-66bd-49f0-8ad3-fae642ab15f9","Amazon","ownerEmailAddress"
"ebf927a3-32e3-412c-ba61-2dc3d70c0d1a","Ebay","listingStatus"
"ebfbe019-b399-4518-8ce8-46ad868f2ed2","Ebay","ownerEmailAddress"
"55d0f7e8-e8c0-4afb-b25d-3b6da314104f","Ebay","ownerEmailAddress"
"55d0f7e8-e8c0-4afb-b25d-3b6da314104f","Ebay","listingPrice"
"df0ca690-7727-4c6f-b216-a1bd100a4af5","Amazon","listingStatus"
"fd51d0c9-c226-4641-8018-d2132cddf22d","Amazon","listingStatus"
"fd51d0c9-c226-4641-8018-d2132cddf22d","Amazon","uploadTime"
"fd51d0c9-c226-4641-8018-d2132cddf22d","Amazon","ownerEmailAddress"
"3b474d76-5394-4a08-a7e4-a4f823d332db","Amazon","listingStatus"
"6018c1c3-75b0-4c2d-a5c5-4e2d49935ae5","Amazon","uploadTime"
"6018c1c3-75b0-4c2d-a5c5-4e2d49935ae5","Amazon","ownerEmailAddress"
"19da2da7-57df-4135-acb9-d8240f836a7b","Ebay","ownerEmailAddress"
"b64d5358-615b-4cdf-ac88-134c44939832","Ebay","uploadTime"
"bab6c7a3-5a0b-46c6-9d19-d4cf2506c0e7","Ebay","uploadTime"
"226a2872-3a8d-4583-933a-4cc75948fc8c","Amazon","ownerEmailAddress"
"226a2872-3a8d-4583-933a-4cc75948fc8c","Amazon","uploadTime"
"67d8bdb9-63ca-4ca2-b5ea-366d8fc97d70","Amazon","ownerEmailAddress"
"287064ec-15c6-4f5a-9dda-2d197e1947fb","Ebay","listingStatus"
"31614086-9f98-4d58-b7df-070a16532438","Ebay","listingStatus"
"31614086-9f98-4d58-b7df-070a16532438","Ebay","ownerEmailAddress"
"d8276ae9-1a51-4854-b951-3d8bb9631efa","Amazon","uploadTime"
"d8276ae9-1a51-4854-b951-3d8bb9631efa","Amazon","listingPrice"
"185f6868-e770-4a46-b422-76a180ab264d","Amazon","listingStatus"
"99c026bf-baf6-4d65-a070-3804e6bc934f","Amazon","ownerEmailAddress"
"99c026bf-baf6-4d65-a070-3804e6bc934f","Amazon","listingStatus"
"1ba2a6f2-c534-411f-82f9-dadc2c358321","Ebay","ownerEmailAddress"
"7dd5887e-65dc-41e6-b42b-1c045e6a9fbf","Amazon","listingStatus"
"b426b4fe-0096-4845-81d4-c5ff3bbdacf8","Ebay","ownerEmailAddress"
"6052924e-2520-41b2-87ac-7a846e8cb2bf","Ebay","listingPrice"
"d14293ad-d9ab-4266-89c8-7bc59c9f199b","Ebay","ownerEmailAddress"
"069f5fd9-1adb-4075-8aab-0fa40e73fda3","Amazon","listingStatus"
"97b6d11c-23db-42e4-ab4f-5adf8098d418","Amazon","listingStatus"
"b77f25e7-a7a5-4f5a-a539-1c80f834f95e","Ebay","listingPrice"
"66328a15-2ed8-41c7-88bf-6b7622000aaa","Ebay","listingStatus"
"66328a15-2ed8-41c7-88bf-6b7622000aaa","Ebay","uploadTime"
"637c7a93-b94c-4627-aae9-ab7a6d435591","Ebay","uploadTime"
"477f1fe0-5e83-4f7d-97b9-a09a39c9d623","Ebay","listingStatus"
"a0846414-1eda-458d-8a1c-ffe81651d1c2","Ebay","ownerEmailAddress"
"a0846414-1eda-458d-8a1c-ffe81651d1c2","Ebay","uploadTime"
"6bf85d86-1be3-439d-b6c1-8601b4542d32","Ebay","ownerEmailAddress"
"6bf85d86-1be3-439d-b6c1-8601b4542d32","Ebay","listingPrice"
"c4b65eb3-b4be-4067-a154-ae7c9710d4e8","Amazon","ownerEmailAddress"
"770e82cd-ea77-4434-9bd9-4f58c9eae4b7","Amazon","listingStatus"
"d231ea74-23e5-453d-83c9-06f424e7dfa8","Amazon","listingStatus"
"ff844279-31d8-4386-88e5-b3738ae1f2d4","Amazon","uploadTime"
"285654c8-52bc-4bf7-994a-d27b8c3c5156","Amazon","listingStatus"
"d896af51-2c83-48a1-a7f0-6d7768df6c55","Ebay","ownerEmailAddress"
"9dcbd1c3-3db2-4f9a-8bf8-c93651690bfb","Ebay","listingStatus"
"bb513063-df82-4bd9-81e0-ee5b816e4383","Ebay","listingStatus"
"7a85ae7c-479b-448c-ad7d-9b31200acf16","Ebay","listingStatus"
"b25337b6-313b-49ab-86d3-2cb71c0d49e5","Ebay","listingStatus"
"3b42e6dc-e877-4352-8569-93b3f097850f","Amazon","listingStatus"
"4ef3ec2c-51e2-4fbf-ad32-024afd355d60","Ebay","listingStatus"
"85229a1d-8f81-42cf-8647-def30d044bec","Ebay","ownerEmailAddress"
"85229a1d-8f81-42cf-8647-def30d044bec","Ebay","listingStatus"
"77a5201f-ec94-4512-8554-9d054d3c56dd","Ebay","listingStatus"
"3bb3c01e-04ab-4f27-bd1a-0627687a9f44","Amazon","listingPrice"
"82550005-861f-4ff9-b45c-ed4eb2e71870","Amazon","listingStatus"
"4d5c7fff-3601-419b-9a67-c1eed6c720cc","Ebay","uploadTime"
"e74d1ca8-7b56-4099-8db3-66e46581787e","Amazon","listingStatus"
"787c27ef-077d-40dd-a1f7-5e80f2d3a56f","Amazon","listingStatus"
"ef2defef-b2a5-49aa-ab09-11a523620f04","Ebay","ownerEmailAddress"
"ef2defef-b2a5-49aa-ab09-11a523620f04","Ebay","listingStatus"
"ef2defef-b2a5-49aa-ab09-11a523620f04","Ebay","uploadTime"
"9326b7c8-32d8-47ff-88c5-c8842a82b3e1","Ebay","ownerEmailAddress"
"9326b7c8-32d8-47ff-88c5-c8842a82b3e1","Ebay","listingPrice"
"887bbbf6-50bd-4509-87d3-f5f751b89ac3","Amazon","listingStatus"
"887bbbf6-50bd-4509-87d3-f5f751b89ac3","Amazon","ownerEmailAddress"
"a3bef297-cbb3-48ce-a4a6-c5867923c77b","Amazon","uploadTime"
"771d7c15-3daa-4675-ba69-2856389b9e1f","Amazon","listingStatus"
"771d7c15-3daa-4675-ba69-2856389b9e1f","Amazon","ownerEmailAddress"
"771d7c15-3daa-4675-ba69-2856389b9e1f","Amazon","uploadTime"
"483dc2b7-efa0-42c8-a07c-dc0f8985426d","Ebay","listingStatus"
"4bdf5ee1-da86-4b03-9978-ad88b0f8715a","Ebay","ownerEmailAddress"
"2d867299-091a-4c24-93c9-cba5c66065ec","Amazon","listingStatus"
"2d867299-091a-4c24-93c9-cba5c66065ec","Amazon","listingPrice"
"25151606-5a19-459a-a091-5d4018a25781","Amazon","ownerEmailAddress"
"cff86f3d-16c9-478c-a874-c6a8a5fb6a11","Amazon","ownerEmailAddress"
"bc07727e-ea58-4fca-a57c-0fcba22ef5f6","Amazon","uploadTime"
"015e7c94-916f-4dcd-8c5d-d4b4d90a1b41","Amazon","listingStatus"
"07335e2a-13a9-4e9f-849f-b3e324e4deda","Amazon","uploadTime"
"6f9145b4-c158-4230-937b-e35bcea0c194","Amazon","listingPrice"
"56166587-56ba-41a6-884e-ff98abd69953","Amazon","listingStatus"
"56166587-56ba-41a6-884e-ff98abd69953","Amazon","listingPrice"
"bdcf03bc-6efc-4acd-914e-bcba6d4bcae5","Amazon","listingStatus"
"eccaee5d-93d6-4678-93e6-19315f089952","Ebay","listingPrice"
"1047ee0a-e968-4957-ad2e-54a8858d659b","Amazon","listingStatus"
"280ffbee-f078-44a0-868f-92e4beafb366","Ebay","listingStatus"
"0282927e-402a-426d-bf3f-a356a27ef11a","Amazon","listingPrice"
"f6c7f0af-6747-4823-968c-dea921949adb","Amazon","ownerEmailAddress"
"f6c7f0af-6747-4823-968c-dea921949adb","Amazon","listingStatus"
"66f7fd61-8afc-4675-857e-b4b41cf54da4","Ebay","listingStatus"
"06eace22-f6cb-4b84-83f7-93cc68c71c4c","Amazon","ownerEmailAddress"
"89590601-6418-4abd-8a28-29252d8321a9","Amazon","ownerEmailAddress"
"c2120403-b146-484d-ab55-b322e9bfe314","Amazon","listingStatus"
"c2120403-b146-484d-ab55-b322e9bfe314","Amazon","ownerEmailAddress"
"c2120403-b146-484d-ab55-b322e9bfe314","Amazon","uploadTime"
"439aea36-bf71-497f-968e-404f2642faa9","Ebay","listingStatus"
"cd652d37-4510-4506-803b-b00818414b96","Ebay","uploadTime"
"e92ce569-c8c0-4b7a-92d2-9d6d7b067221","Amazon","listingStatus"
"904ded02-8176-40b4-8fe0-bf9ce0843a3a","Ebay","listingStatus"
"0c0b3b14-f57d-46a6-a7b7-4666c523fdb0","Ebay","ownerEmailAddress"
"cedfe205-1f82-4a00-bca0-c3b0190934b4","Amazon","uploadTime"
"35bf5bcc-7db6-4c2f-92e2-7b9eabc10c3a","Amazon","ownerEmailAddress"
"35bf5bcc-7db6-4c2f-92e2-7b9eabc10c3a","Amazon","listingStatus"
"204bbc12-e426-44c1-b2b0-91fd9679af8d","Amazon","listingStatus"
"ef98cb07-803e-488d-8514-dad5079bb6a0","Ebay","uploadTime"
"ef98cb07-803e-488d-8514-dad5079bb6a0","Ebay","ownerEmailAddress"
"3a6cdf9d-8038-457b-97d0-820714251962","Ebay","listingStatus"
"a93428d1-dea6-484c-aa14-a04f4a68798b","Ebay","listingPrice"
"a93428d1-dea6-484c-aa14-a04f4a68798b","Ebay","ownerEmailAddress"
"acd1221f-9693-4288-a161-497dcc07dc8d","Amazon","ownerEmailAddress"
"da388d3d-2bbc-4644-b6c8-7328733b0e81","Amazon","listingPrice"
"65c87dc2-123a-48e2-a4e1-5e88242cf588","Amazon","listingStatus"
"70efb523-904b-45e2-a3fa-482ddd838bb4","Amazon","listingStatus"
"bb28be87-189f-47d2-9072-d38c01bfb889","Amazon","listingStatus"
"6c19bec6-6e33-419f-8761-ac26b39874b1","Amazon","uploadTime"
"6c19bec6-6e33-419f-8761-ac26b39874b1","Amazon","ownerEmailAddress"
"26fd8635-783c-4f2b-b8c5-590ff7ad8c88","Ebay","listingStatus"
"b09308bf-5ee9-4992-a5d1-dc8999c7f29a","Ebay","listingPrice"
"b09308bf-5ee9-4992-a5d1-dc8999c7f29a","Ebay","ownerEmailAddress"
"1638880c-7ebb-4422-a692-5387ff8b55be","Ebay","uploadTime"
"1638880c-7ebb-4422-a692-5387ff8b55be","Ebay","listingStatus"
"fa30d2b4-2022-460a-bf78-e481ff153b6e","Amazon","listingPrice"
"feb638f0-e71f-457c-abac-33412b751136","Amazon","listingStatus"
"d2e6a10c-f385-43d7-85f9-3052f2ad9174","Amazon","listingStatus"
"d2e6a10c-f385-43d7-85f9-3052f2ad9174","Amazon","ownerEmailAddress"
"14b9cb03-b2ba-443c-9c69-8cd1a5d35399","Ebay","listingPrice"
"14b9cb03-b2ba-443c-9c69-8cd1a5d35399","Ebay","listingStatus"
"dc69aae4-add7-49e6-a10e-99efc002efd9","Ebay","listingStatus"
"2d795873-f59e-4235-b6f9-33b79d6e8a36","Amazon","listingStatus"
"4f0a58b9-2f4f-42e1-b597-d8cdf6615156","Amazon","listingPrice"
"005038cf-43c0-4869-82d6-963fd3368d97","Amazon","listingStatus"
"e3e7fe71-5866-4a50-8cd9-fcb1c4a7e044","Amazon","listingStatus"
"e3e7fe71-5866-4a50-8cd9-fcb1c4a7e044","Amazon","ownerEmailAddress"
"7d023e64-5d8a-4323-a848-02ae4a166683","Amazon","ownerEmailAddress"
"17304424-1a8f-4e43-9c70-b9cd04980be4","Amazon","uploadTime"
"17304424-1a8f-4e43-9c70-b9cd04980be4","Amazon","ownerEmailAddress"
"d1c0ac09-f911-46a9-992f-8511d5551991","Amazon","listingPrice"
"d1c0ac09-f911-46a9-992f-8511d5551991","Amazon","ownerEmailAddress"
"28fd0c12-9c1b-47ed-8cde-7047ff3045e9","Amazon","listingStatus"
"87cb8c8a-6821-45e7-b4fe-ccacb7892692","Amazon","listingStatus"
"aea07581-4b09-44c4-9b09-4de78cf1e36f","Ebay","ownerEmailAddress"
"a43fd572-e672-4df6-9993-cc41320abf2c","Ebay","ownerEmailAddress"
"6afbc127-e377-409d-8897-600de20b6d70","Ebay","listingStatus"
"737b553a-f7f4-4d5f-a515-75263330091b","Amazon","uploadTime"
"737b553a-f7f4-4d5f-a515-75263330091b","Amazon","ownerEmailAddress"
"bf30457a-f5b6-4c20-9cae-b9f4c8c44519","Amazon","listingStatus"
"9a8d058a-8c4a-49f7-b8fb-1b47939e5544","Ebay","listingStatus"
"36f377f7-35d7-4698-aca0-ad0817f6deae","Amazon","ownerEmailAddress"
"09aa608f-77c0-4310-a495-fe8144f8cce9","Amazon","ownerEmailAddress"
"2657192d-0ae7-4641-8230-67cb98e39986","Ebay","listingPrice"
"2657192d-0ae7-4641-8230-67cb98e39986","Ebay","listingStatus"
"03e116a3-8df8-4f6e-993b-4cec37793631","Ebay","ownerEmailAddress"
"b6b64e9d-8c6f-40ae-b375-a06c36385ccf","Ebay","listingStatus"
"7f398766-545f-4623-a093-15193011e261","Amazon","ownerEmailAddress"
"6d888128-e393-4b9c-82cb-2459dd82df23","Ebay","ownerEmailAddress"
"f775d95c-b10c-4523-92dc-0f22259088e4","Ebay","listingPrice"
"eab5e566-bcac-4079-b6e6-04ecd5b447fc","Ebay","listingStatus"
"03ac3ef6-521c-4013-a92c-780dbe8b60d5","Amazon","listingPrice"
"32d338b8-5207-48c7-a207-0f6349b3d23b","Ebay","listingStatus"
"1d3766dc-de7f-4f58-bd28-2f6bdfd307e9","Ebay","uploadTime"
"3f2b7fde-15cb-441f-84bc-f36ec1753f4e","Ebay","uploadTime"
"d6337f44-954f-4d2d-b080-52e2aa04f461","Ebay","listingPrice"
"cebcef60-a80f-4094-aea7-2ce0dca5dd41","Ebay","ownerEmailAddress"
"cebcef60-a80f-4094-aea7-2ce0dca5dd41","Ebay","listingPrice"
"bb577078-eecc-44a6-b03a-e224ffbbf252","Ebay","listingStatus"
"422c074a-5b3b-46ae-8b8c-a29b757b564d","Amazon","listingPrice"
"a6c524ed-5c88-4172-af9e-1dc20b5bc897","Ebay","listingStatus"
"422e41f4-7683-47de-8fef-3ed273925325","Ebay","ownerEmailAddress"
"ca9b2063-bf6b-4cff-82b5-8d7b6028fa3a","Amazon","ownerEmailAddress"
"8f73810b-5d4c-428b-bfdc-055973416c1e","Ebay","listingStatus"
"c34c6a34-3dc6-42c4-b989-c5a3937de921","Ebay","ownerEmailAddress"
"c34c6a34-3dc6-42c4-b989-c5a3937de921","Ebay","listingStatus"
"e1e10538-6f75-460d-9842-ed09cc0d1675","Amazon","uploadTime"
"25238684-873e-4560-8e99-ae49f60fb074","Ebay","listingPrice"
"56d500ca-b5